"Date"," AQI Value","Main Pollutant","Site Name","Site ID","Source","20-year High (2000-2019)","20-year Low (2000-2019)","5-year Average (2015-2019)","Date of 20-year High","Date of 20-year Low"
"01/01/2021","87","PM2.5","GERONIMO","04-019-1113","AQS","115","35","62.2","01/01/2018","01/01/2001"
"01/02/2021","55","PM2.5","GERONIMO","04-019-1113","AQS","57","31","43.2","01/02/2015","01/02/2016"
"01/03/2021","51","PM2.5","GERONIMO","04-019-1113","AQS","67","29","43.6","01/03/2015","01/03/2005"
"01/04/2021","47","PM2.5","GERONIMO","04-019-1113","AQS","55","27","40.4","01/04/2015","01/04/2008"
"01/05/2021","47","PM2.5","GERONIMO","04-019-1113","AQS","52","28","36","01/05/2013","01/05/2000"
"01/06/2021","56","PM2.5","GERONIMO","04-019-1113","AQS","55","25","39.4","01/06/2011","01/06/2001"
"01/07/2021","58","PM2.5","GERONIMO","04-019-1113","AQS","52","31","37.6","01/07/2013","01/07/2004"
"01/08/2021","53","PM2.5","GERONIMO","04-019-1113","AQS","55","31","35.4","01/08/2013","01/08/2001"
"01/09/2021","56","PM2.5","GERONIMO","04-019-1113","AQS","47","24","33.8","01/09/2016","01/09/2017"
"01/10/2021","53","PM2.5","GERONIMO","04-019-1113","AQS","59","28","34.8","01/10/2009","01/10/2019"
"01/11/2021","36","Ozone","SAGUARO PARK","04-019-0021","AQS","70","32","37","01/11/2006","01/11/2004"
"01/12/2021","56","PM2.5","GERONIMO","04-019-1113","AQS","61","31","42","01/12/2018","01/12/2015"
"01/13/2021","54","PM2.5","GERONIMO","04-019-1113","AQS","67","30","40.6","01/13/2009","01/13/2015"
"01/14/2021","55","PM2.5","GERONIMO","04-019-1113","AQS","76","31","35.2","01/14/2002","01/14/2004"
"01/15/2021","55","PM2.5","GERONIMO","04-019-1113","AQS","63","31","36.2","01/15/2002","01/15/2004"
"01/16/2021","45","PM2.5","GERONIMO","04-019-1113","AQS","61","28","37.4","01/16/2002","01/16/2019"
"01/17/2021","53","PM2.5","GERONIMO","04-019-1113","AQS","69","30","41.2","01/17/2010","01/17/2000"
"01/18/2021","43","PM2.5","GERONIMO","04-019-1113","AQS","44","32","37.6","01/18/2004","01/18/2012"
"01/19/2021","62","PM2.5","ROSE ELEMENTARY","04-019-1032","AQS","59","33","39.4","01/19/2008","01/19/2007"
"01/20/2021","61","PM2.5","GERONIMO","04-019-1113","AQS","48","28","39.6","01/20/2007","01/20/2003"
"01/21/2021","32","PM2.5","ORANGE GROVE","04-019-0011","AQS","50","33","40","01/21/2007","01/21/2003"
"01/22/2021","42","Ozone","FAIRGROUNDS","04-019-1020","AQS","60","24","39.6","01/22/2012","01/22/2009"
"01/23/2021","41","PM2.5","GERONIMO","04-019-1113","AQS","59","23","40.6","01/23/2007","01/23/2009"
"01/24/2021","37","Ozone","FAIRGROUNDS","04-019-1020","AQS","45","32","41","01/24/2014","01/24/2009"
"01/25/2021","39","Ozone","COACHLINE","04-019-1034","AQS","46","28","41","01/25/2006","01/25/2013"
"01/26/2021","40","PM2.5","GERONIMO","04-019-1113","AQS","44","26","39.6","01/26/2014","01/26/2005"
"01/27/2021","38","Ozone","TANGERINE","04-019-1018","AQS","71","29","45.6","01/27/2018","01/27/2008"
"01/28/2021","40","Ozone","SAGUARO PARK","04-019-0021","AQS","47","31","39","01/28/2006","01/28/2015"
"01/29/2021","40","Ozone","SAGUARO PARK","04-019-0021","AQS","52","26","38.6","01/29/2004","01/29/2015"
"01/30/2021","40","Ozone","GREEN VALLEY  -REPLACES SITE 0007 245 W ESPERANZA","04-019-1030","AQS","46","25","39.4","01/30/2018","01/30/2015"
"01/31/2021","47","PM2.5","GERONIMO","04-019-1113","AQS","58","27","39","01/31/2001","01/31/2015"
"02/01/2021","37","Ozone","SAGUARO PARK","04-019-0021","AQS","44","33","39.6","02/01/2017","02/01/2015"
"02/02/2021","48","PM2.5","GERONIMO","04-019-1113","AQS","64","34","43.2","02/02/2018","02/02/2015"
"02/03/2021","39","Ozone","SAGUARO PARK","04-019-0021","AQS","50","28","37.6","02/03/2018","02/03/2019"
"02/04/2021","44","Ozone","SAGUARO PARK","04-019-0021","AQS","58","28","38.2","02/04/2011","02/04/2002"
"02/05/2021","44","Ozone","SAGUARO PARK","04-019-0021","AQS","55","34","38.8","02/05/2011","02/05/2001"
"02/06/2021","43","Ozone","SAGUARO PARK","04-019-0021","AQS","48","33","41","02/06/2008","02/06/2001"
"02/07/2021","44","Ozone","SAGUARO PARK","04-019-0021","AQS","63","35","44.2","02/07/2018","02/07/2003"
"02/08/2021","45","Ozone","SAGUARO PARK","04-019-0021","AQS","59","32","42","02/08/2003","02/08/2012"
"02/09/2021","44","Ozone","SAGUARO PARK","04-019-0021","AQS","51","35","41.6","02/09/2012","02/09/2015"
"02/10/2021","40","Ozone","TANGERINE","04-019-1018","AQS","46","33","42.4","02/10/2006","02/10/2005"
"02/11/2021","44","Ozone","TANGERINE","04-019-1018","AQS","50","27","44.2","02/11/2006","02/11/2007"
"02/12/2021","44","Ozone","FAIRGROUNDS","04-019-1020","AQS","49","28","41.2","02/12/2009","02/12/2003"
"02/13/2021","42","Ozone","FAIRGROUNDS","04-019-1020","AQS","56","31","45.4","02/13/2018","02/13/2003"
"02/14/2021","40","Ozone","GREEN VALLEY  -REPLACES SITE 0007 245 W ESPERANZA","04-019-1030","AQS","48","33","41.4","02/14/2016","02/14/2005"
"02/15/2021","40","Ozone","FAIRGROUNDS","04-019-1020","AQS","55","20","35.2","02/15/2005","02/15/2018"
"02/16/2021","43","Ozone","TANGERINE","04-019-1018","AQS","76","29","42.4","02/16/2002","02/16/2005"
"02/17/2021","43","Ozone","TANGERINE","04-019-1018","AQS","48","35","43.4","02/17/2010","02/17/2002"
"02/18/2021","42","Ozone","GREEN VALLEY  -REPLACES SITE 0007 245 W ESPERANZA","04-019-1030","AQS","51","32","43.2","02/18/2017","02/18/2018"
"02/19/2021","45","PM2.5","GERONIMO","04-019-1113","AQS","48","25","42.4","02/19/2004","02/19/2005"
"02/20/2021","51","PM2.5","GERONIMO","04-019-1113","AQS","57","35","46.4","02/20/2018","02/20/2000"
"02/21/2021","45","Ozone","GREEN VALLEY  -REPLACES SITE 0007 245 W ESPERANZA","04-019-1030","AQS","48","33","41.2","02/21/2009","02/21/2000"
"02/22/2021","44","Ozone","22ND & CRAYCROFT","04-019-1011","AQS","51","32","39.8","02/22/2014","02/22/2005"
"02/23/2021","50","PM2.5","GERONIMO","04-019-1113","AQS","64","32","47.8","02/23/2016","02/23/2009"
"02/24/2021","45","PM2.5","GERONIMO","04-019-1113","AQS","51","38","46.2","02/24/2017","02/24/2005"
"02/25/2021","45","Ozone","TANGERINE","04-019-1018","AQS","64","33","47","02/25/2006","02/25/2009"
"02/26/2021","58","Ozone","GREEN VALLEY  -REPLACES SITE 0007 245 W ESPERANZA","04-019-1030","AQS","67","37","49.6","02/26/2016","02/26/2014"
"02/27/2021","48","Ozone","FAIRGROUNDS","04-019-1020","AQS","64","31","48.8","02/27/2016","02/27/2014"
"02/28/2021","45","Ozone","22ND & CRAYCROFT","04-019-1011","AQS","74","28","44.4","02/28/2011","02/28/2014"
"03/01/2021","42","Ozone","SAGUARO PARK","04-019-0021","AQS","62","31","43.8","03/01/2007","03/01/2006"
"03/02/2021","48","Ozone","TANGERINE","04-019-1018","AQS","64","33","42.8","03/02/2011","03/02/2015"
"03/03/2021","43","PM2.5","GERONIMO","04-019-1113","AQS","58","39","44.6","03/03/2016","03/03/2017"
"03/04/2021","50","PM2.5","GERONIMO","04-019-1113","AQS","58","36","45","03/04/2011","03/04/2009"
"03/05/2021","50","Ozone","TANGERINE","04-019-1018","AQS","58","31","45.6","03/05/2008","03/05/2017"
"03/06/2021","51","Ozone","TANGERINE","04-019-1018","AQS","61","37","44","03/06/2007","03/06/2016"
"03/07/2021","50","Ozone","SAGUARO PARK","04-019-0021","AQS","52","30","44.6","03/07/2012","03/07/2001"
"03/08/2021","48","Ozone","SAGUARO PARK","04-019-0021","AQS","50","36","45.2","03/08/2011","03/08/2002"
"03/09/2021","51","PM2.5","GERONIMO","04-019-1113","AQS","67","40","47","03/09/2011","03/09/2001"
"03/10/2021","44","Ozone","SAGUARO PARK","04-019-0021","AQS","74","44","48","03/10/2004","03/10/2001"
"03/11/2021","44","Ozone","FAIRGROUNDS","04-019-1020","AQS","67","37","46.6","03/11/2005","03/11/2018"
"03/12/2021","43","Ozone","TANGERINE","04-019-1018","AQS","80","44","47.2","03/12/2007","03/12/2006"
"03/13/2021","45","Ozone","FAIRGROUNDS","04-019-1020","AQS","80","44","48.4","03/13/2007","03/13/2001"
"03/14/2021","47","Ozone","22ND & CRAYCROFT","04-019-1011","AQS","77","44","48.2","03/14/2007","03/14/2003"
"03/15/2021","46","Ozone","SAGUARO PARK","04-019-0021","AQS","90","40","48","03/15/2007","03/15/2003"
"03/16/2021","48","Ozone","GREEN VALLEY  -REPLACES SITE 0007 245 W ESPERANZA","04-019-1030","AQS","74","34","49.2","03/16/2000","03/16/2003"
"03/17/2021","51","Ozone","22ND & CRAYCROFT","04-019-1011","AQS","64","41","48.8","03/17/2013","03/17/2011"
"03/18/2021","61","Ozone","GREEN VALLEY  -REPLACES SITE 0007 245 W ESPERANZA","04-019-1030","AQS","61","40","45.4","03/18/2013","03/18/2015"
"03/19/2021","77","Ozone","TANGERINE","04-019-1018","AQS","71","43","49.2","03/19/2011","03/19/2015"
"03/20/2021","46","Ozone","SAGUARO PARK","04-019-0021","AQS","71","42","56","03/20/2008","03/20/2004"
"03/21/2021","47","Ozone","TANGERINE","04-019-1018","AQS","64","34","54","03/21/2016","03/21/2007"
"03/22/2021","50","Ozone","SAGUARO PARK","04-019-0021","AQS","67","32","47.2","03/22/2005","03/22/2007"
"03/23/2021","44","Ozone","SAGUARO PARK","04-019-0021","AQS","93","36","48.8","03/23/2013","03/23/2018"
"03/24/2021","43","Ozone","22ND & CRAYCROFT","04-019-1011","AQS","90","37","49.6","03/24/2013","03/24/2018"
"03/25/2021","45","Ozone","GREEN VALLEY  -REPLACES SITE 0007 245 W ESPERANZA","04-019-1030","AQS","84","39","53.2","03/25/2006","03/25/2012"
"03/26/2021","45","Ozone","SAGUARO PARK","04-019-0021","AQS","77","43","56.2","03/26/2013","03/26/2004"
"03/27/2021","48","Ozone","SAGUARO PARK","04-019-0021","AQS","67","47","52","03/27/2004","03/27/2008"
"03/28/2021","51","Ozone","COACHLINE","04-019-1034","AQS","111","36","51","03/28/2003","03/28/2000"
"03/29/2021","61","Ozone","SAGUARO PARK","04-019-0021","AQS","74","40","48.2","03/29/2012","03/29/2002"
"03/30/2021","48","Ozone","GREEN VALLEY  -REPLACES SITE 0007 245 W ESPERANZA","04-019-1030","AQS","80","40","57.2","03/30/2019","03/30/2008"
"03/31/2021","64","Ozone","TANGERINE","04-019-1018","AQS","74","43","56.2","03/31/2009","03/31/2008"
"04/01/2021","55","PM2.5","GERONIMO","04-019-1113","AQS","67","37","50.8","04/01/2007","04/01/2004"
"04/02/2021","49","PM2.5","GERONIMO","04-019-1113","AQS","74","42","51.4","04/02/2006","04/02/2011"
"04/03/2021","64","Ozone","SAGUARO PARK","04-019-0021","AQS","77","36","58.8","04/03/2007","04/03/2011"
"04/04/2021","77","Ozone","SAGUARO PARK","04-019-0021","AQS","87","40","63.8","04/04/2013","04/04/2002"
"04/05/2021","61","Ozone","SAGUARO PARK","04-019-0021","AQS","122","38","67.2","04/05/2009","04/05/2001"
"04/06/2021","50","Ozone","GREEN VALLEY  -REPLACES SITE 0007 245 W ESPERANZA","04-019-1030","AQS","90","39","60","04/06/2005","04/06/2002"
"04/07/2021","51","Ozone","SAGUARO PARK","04-019-0021","AQS","90","41","49","04/07/2006","04/07/2011"
"04/08/2021","43","Ozone","SAGUARO PARK","04-019-0021","AQS","90","40","48.6","04/08/2006","04/08/2016"
"04/09/2021","64","Ozone","SAGUARO PARK","04-019-0021","AQS","94","43","63.6","04/09/2013","04/09/2011"
"04/10/2021","54","Ozone","SAGUARO PARK","04-019-0021","AQS","100","33","65","04/10/2017","04/10/2016"
"04/11/2021","51","PM2.5","GERONIMO","04-019-1113","AQS","93","42","62.6","04/11/2017","04/11/2012"
"04/12/2021","47","PM2.5","GERONIMO","04-019-1113","AQS","105","41","59.2","04/12/2011","04/12/2015"
"04/13/2021","54","PM2.5","GERONIMO","04-019-1113","AQS","97","42","61.4","04/13/2012","04/13/2003"
"04/14/2021","49","Ozone","SAGUARO PARK","04-019-0021","AQS","115","32","60.8","04/14/2005","04/14/2003"
"04/15/2021","50","Ozone","GREEN VALLEY  -REPLACES SITE 0007 245 W ESPERANZA","04-019-1030","AQS","115","44","70.6","04/15/2005","04/15/2002"
"04/16/2021","71","Ozone","SAGUARO PARK","04-019-0021","AQS","97","35","61.8","04/16/2005","04/16/2002"
"04/17/2021","71","Ozone","SAGUARO PARK","04-019-0021","AQS","93","38","62.2","04/17/2012","04/17/2002"
"04/18/2021","61","Ozone","GREEN VALLEY  -REPLACES SITE 0007 245 W ESPERANZA","04-019-1030","AQS","105","43","64.4","04/18/2008","04/18/2002"
"04/19/2021","67","Ozone","TANGERINE","04-019-1018","AQS","87","38","63.2","04/19/2008","04/19/2001"
"04/20/2021","77","Ozone","SAGUARO PARK","04-019-0021","AQS","112","43","79.6","04/20/2017","04/20/2010"
"04/21/2021","54","Ozone","SAGUARO PARK","04-019-0021","AQS","119","43","70.8","04/21/2008","04/21/2003"
"04/22/2021","58","Ozone","SAGUARO PARK","04-019-0021","AQS","97","47","65.8","04/22/2008","04/22/2010"
"04/23/2021","58","Ozone","SAGUARO PARK","04-019-0021","AQS","93","42","61.8","04/23/2008","04/23/2005"
"04/24/2021","58","Ozone","SAGUARO PARK","04-019-0021","AQS","115","44","72.2","04/24/2004","04/24/2005"
"04/25/2021","46","Ozone","SAGUARO PARK","04-019-0021","AQS","105","40","65","04/25/2004","04/25/2002"
"04/26/2021","45","Ozone","COACHLINE","04-019-1034","AQS","119","45","66.8","04/26/2006","04/26/2003"
"04/27/2021","44","Ozone","SAGUARO PARK","04-019-0021","AQS","87","45","60.6","04/27/2004","04/27/2002"
"04/28/2021","46","Ozone","SAGUARO PARK","04-019-0021","AQS","97","43","54.6","04/28/2012","04/28/2000"
"04/29/2021","61","Ozone","COACHLINE","04-019-1034","AQS","93","43","56","04/29/2006","04/29/2019"
"04/30/2021","50","Ozone","COACHLINE","04-019-1034","AQS","97","40","57","04/30/2009","04/30/2019"
"05/01/2021","61","Ozone","SAGUARO PARK","04-019-0021","AQS","112","45","67.4","05/01/2000","05/01/2010"
"05/02/2021","67","Ozone","SAGUARO PARK","04-019-0021","AQS","105","43","74","05/02/2008","05/02/2009"
"05/03/2021","51","Ozone","SAGUARO PARK","04-019-0021","AQS","105","41","71","05/03/2016","05/03/2015"
"05/04/2021","77","Ozone","22ND & CRAYCROFT","04-019-1011","AQS","126","42","71.4","05/04/2005","05/04/2007"
"05/05/2021","77","Ozone","22ND & CRAYCROFT","04-019-1011","AQS","97","42","70.2","05/05/2011","05/05/2015"
"05/06/2021","77","Ozone","SAGUARO PARK","04-019-0021","AQS","108","40","53.6","05/06/2001","05/06/2013"
"05/07/2021","47","Ozone","SAGUARO PARK","04-019-0021","AQS","115","42","47","05/07/2001","05/07/2019"
"05/08/2021","54","Ozone","SAGUARO PARK","04-019-0021","AQS","105","34","47.8","05/08/2012","05/08/2000"
"05/09/2021","51","Ozone","FAIRGROUNDS","04-019-1020","AQS","100","46","59.4","05/09/2007","05/09/2019"
"05/10/2021","44","Ozone","SAGUARO PARK","04-019-0021","AQS","115","38","58.8","05/10/2007","05/10/2000"
"05/11/2021","45","Ozone","SAGUARO PARK","04-019-0021","AQS","112","43","78.8","05/11/2003","05/11/2004"
"05/12/2021","67","Ozone","SAGUARO PARK","04-019-0021","AQS","115","45","71.6","05/12/2002","05/12/2019"
"05/13/2021","77","Ozone","FAIRGROUNDS","04-019-1020","AQS","122","45","59.4","05/13/2000","05/13/2015"
"05/14/2021","49","Ozone","SAGUARO PARK","04-019-0021","AQS","105","31","55.6","05/14/2000","05/14/2018"
"05/15/2021","43","Ozone","SAGUARO PARK","04-019-0021","AQS","112","41","58","05/15/2005","05/15/2015"
"05/16/2021","49","Ozone","SAGUARO PARK","04-019-0021","AQS","115","49","53.8","05/16/2003","05/16/2019"
"05/17/2021","58","Ozone","FAIRGROUNDS","04-019-1020","AQS","97","40","61","05/17/2014","05/17/2001"
"05/18/2021","74","Ozone","FAIRGROUNDS","04-019-1020","AQS","97","36","60.6","05/18/2000","05/18/2011"
"05/19/2021","71","Ozone","SAGUARO PARK","04-019-0021","AQS","122","39","75","05/19/2005","05/19/2002"
"05/20/2021","49","Ozone","SAGUARO PARK","04-019-0021","AQS","133","38","76.2","05/20/2005","05/20/2002"
"05/21/2021","41","Ozone","SAGUARO PARK","04-019-0021","AQS","133","41","70","05/21/2000","05/21/2009"
"05/22/2021","64","Ozone","GREEN VALLEY  -REPLACES SITE 0007 245 W ESPERANZA","04-019-1030","AQS","119","40","56.4","05/22/2005","05/22/2006"
"05/23/2021","100","Ozone","TANGERINE","04-019-1018","AQS","101","44","55.4","05/23/2006","05/23/2016"
"05/24/2021","90","Ozone","SAGUARO PARK","04-019-0021","AQS","101","44","62","05/24/2011","05/24/2004"
"05/25/2021","84","Ozone","SAGUARO PARK","04-019-0021","AQS","108","39","57.2","05/25/2010","05/25/2004"
"05/26/2021","50","Ozone","SAGUARO PARK","04-019-0021","AQS","100","37","60","05/26/2003","05/26/2002"
"05/27/2021","64","Ozone","SAGUARO PARK","04-019-0021","AQS","133","35","69.2","05/27/2003","05/27/2002"
"05/28/2021","77","Ozone","SAGUARO PARK","04-019-0021","AQS","119","32","80.6","05/28/2000","05/28/2011"
"05/29/2021","61","Ozone","SAGUARO PARK","04-019-0021","AQS","101","44","82.4","05/29/2018","05/29/2007"
"05/30/2021","61","Ozone","SAGUARO PARK","04-019-0021","AQS","133","45","65.4","05/30/2011","05/30/2005"
"05/31/2021","58","Ozone","SAGUARO PARK","04-019-0021","AQS","112","44","57.8","05/31/2008","05/31/2009"
"06/01/2021","71","Ozone","SAGUARO PARK","04-019-0021","AQS","112","39","51.8","06/01/2012","06/01/2015"
"06/02/2021","64","Ozone","SAGUARO PARK","04-019-0021","AQS","97","42","56.4","06/02/2012","06/02/2005"
"06/03/2021","48","Ozone","SAGUARO PARK","04-019-0021","AQS","112","43","66.8","06/03/2006","06/03/2013"
"06/04/2021","54","Ozone","SAGUARO PARK","04-019-0021","AQS","115","43","64.4","06/04/2002","06/04/2009"
"06/05/2021","47","Ozone","SAGUARO PARK","04-019-0021","AQS","129","38","62.6","06/05/2002","06/05/2015"
"06/06/2021","43","Ozone","SAGUARO PARK","04-019-0021","AQS","161","28","55.2","06/06/2002","06/06/2015"
"06/07/2021","50","Ozone","SAGUARO PARK","04-019-0021","AQS","140","36","46.8","06/07/2002","06/07/2004"
"06/08/2021","67","Ozone","SAGUARO PARK","04-019-0021","AQS","93","40","47.6","06/08/2006","06/08/2004"
"06/09/2021","50","Ozone","GREEN VALLEY  -REPLACES SITE 0007 245 W ESPERANZA","04-019-1030","AQS","133","31","57.4","06/09/2008","06/09/2009"
"06/10/2021","44","Ozone","SAGUARO PARK","04-019-0021","AQS","112","36","45.8","06/10/2011","06/10/2003"
"06/11/2021","48","Ozone","TANGERINE","04-019-1018","AQS","93","43","53.6","06/11/2004","06/11/2012"
"06/12/2021","64","Ozone","SAGUARO PARK","04-019-0021","AQS","87","39","64.4","06/12/2015","06/12/2001"
"06/13/2021","49","Ozone","SAGUARO PARK","04-019-0021","AQS","115","31","67","06/13/2005","06/13/2009"
"06/14/2021","90","Ozone","SAGUARO PARK","04-019-0021","AQS","129","32","71.8","06/14/2005","06/14/2014"
"06/15/2021","77","Ozone","TANGERINE","04-019-1018","AQS","122","38","68","06/15/2017","06/15/2012"
"06/16/2021","71","Ozone","COACHLINE","04-019-1034","AQS","100","41","63","06/16/2006","06/16/2012"
"06/17/2021","61","Ozone","SAGUARO PARK","04-019-0021","AQS","126","36","67.2","06/17/2003","06/17/2014"
"06/18/2021","77","Ozone","TANGERINE","04-019-1018","AQS","119","27","71.4","06/18/2006","06/18/2014"
"06/19/2021","87","Ozone","SAGUARO PARK","04-019-0021","AQS","97","33","75.8","06/19/2017","06/19/2014"
"06/20/2021","63","PM2.5","ROSE ELEMENTARY","04-019-1032","AQS","112","37","75.4","06/20/2008","06/20/2004"
"06/21/2021","61","Ozone","SAGUARO PARK","04-019-0021","AQS","115","36","68.2","06/21/2011","06/21/2004"
"06/22/2021","52","PM2.5","ORANGE GROVE","04-019-0011","AQS","108","35","55.4","06/22/2011","06/22/2000"
"06/23/2021","71","Ozone","SAGUARO PARK","04-019-0021","AQS","100","37","58","06/23/2005","06/23/2000"
"06/24/2021","80","Ozone","SAGUARO PARK","04-019-0021","AQS","101","38","60.4","06/24/2004","06/24/2000"
"06/25/2021","47","Ozone","SAGUARO PARK","04-019-0021","AQS","77","34","57.8","06/25/2011","06/25/2001"
"06/26/2021","58","Ozone","SAGUARO PARK","04-019-0021","AQS","100","37","68.4","06/26/2006","06/26/2019"
"06/27/2021","71","Ozone","CHILDREN'S PARK NCore","04-019-1028","AQS","119","40","60","06/27/2006","06/27/2014"
"06/28/2021","93","Ozone","COACHLINE","04-019-1034","AQS","112","32","59.8","06/28/2006","06/28/2004"
"06/29/2021","64","Ozone","TANGERINE","04-019-1018","AQS","115","36","61.2","06/29/2006","06/29/2014"
"06/30/2021","58","Ozone","COACHLINE","04-019-1034","AQS","133","36","54.4","06/30/2006","06/30/2014"
"07/01/2021","71","Ozone","COACHLINE","04-019-1034","AQS","119","37","51","07/01/2006","07/01/2014"
"07/02/2021","46","Ozone","GREEN VALLEY  -REPLACES SITE 0007 245 W ESPERANZA","04-019-1030","AQS","112","38","48.6","07/02/2013","07/02/2019"
"07/03/2021","44","Ozone","22ND & CRAYCROFT","04-019-1011","AQS","105","34","49.6","07/03/2008","07/03/2019"
"07/04/2021","48","Ozone","SAGUARO PARK","04-019-0021","AQS","108","38","47.8","07/04/2008","07/04/2004"
"07/05/2021","45","Ozone","SAGUARO PARK","04-019-0021","AQS","143","41","49.4","07/05/2006","07/05/2019"
"07/06/2021","58","Ozone","SAGUARO PARK","04-019-0021","AQS","126","44","53.4","07/06/2011","07/06/2019"
"07/07/2021","67","Ozone","SAGUARO PARK","04-019-0021","AQS","112","41","59.8","07/07/2008","07/07/2004"
"07/08/2021","97","Ozone","TANGERINE","04-019-1018","AQS","126","33","53.4","07/08/2013","07/08/2015"
"07/09/2021","101","Ozone","SAGUARO PARK","04-019-0021","AQS","105","27","51.8","07/09/2007","07/09/2015"
"07/10/2021","64","Ozone","SAGUARO PARK","04-019-0021","AQS","127","31","53.8","07/10/2002","07/10/2008"
"07/11/2021","100","Ozone","SAGUARO PARK","04-019-0021","AQS","115","37","50.8","07/11/2003","07/11/2015"
"07/12/2021","80","Ozone","SAGUARO PARK","04-019-0021","AQS","119","38","50.2","07/12/2002","07/12/2016"
"07/13/2021","108","Ozone","SAGUARO PARK","04-019-0021","AQS","122","37","56.6","07/13/2002","07/13/2011"
"07/14/2021","61","Ozone","FAIRGROUNDS","04-019-1020","AQS","108","39","60.2","07/14/2005","07/14/2011"
"07/15/2021","48","Ozone","SAGUARO PARK","04-019-0021","AQS","112","42","55.2","07/15/2003","07/15/2018"
"07/16/2021","46","Ozone","TANGERINE","04-019-1018","AQS","90","38","51.2","07/16/2005","07/16/2001"
"07/17/2021","100","Ozone","CHILDREN'S PARK NCore","04-019-1028","AQS","119","37","53.6","07/17/2013","07/17/2014"
"07/18/2021","80","Ozone","SAGUARO PARK","04-019-0021","AQS","140","37","53.4","07/18/2005","07/18/2014"
"07/19/2021","93","Ozone","22ND & CRAYCROFT","04-019-1011","AQS","154","42","58","07/19/2005","07/19/2013"
"07/20/2021","93","Ozone","TANGERINE","04-019-1018","AQS","129","41","53.2","07/20/2005","07/20/2014"
"07/21/2021","93","Ozone","CHILDREN'S PARK NCore","04-019-1028","AQS","115","39","56.4","07/21/2003","07/21/2015"
"07/22/2021","77","Ozone","SAGUARO PARK","04-019-0021","AQS","133","34","58.6","07/22/2003","07/22/2015"
"07/23/2021","87","Ozone","SAGUARO PARK","04-019-0021","AQS","154","31","57","07/23/2003","07/23/2015"
"07/24/2021","41","Ozone","22ND & CRAYCROFT","04-019-1011","AQS","147","35","64.8","07/24/2003","07/24/2017"
"07/25/2021","31","Ozone","SAGUARO PARK","04-019-0021","AQS","120","37","71.6","07/25/2014","07/25/2017"
"07/26/2021","61","Ozone","22ND & CRAYCROFT","04-019-1011","AQS","119","34","64","07/26/2006","07/26/2011"
"07/27/2021","58","Ozone","22ND & CRAYCROFT","04-019-1011","AQS","108","33","68.6","07/27/2018","07/27/2008"
"07/28/2021","87","Ozone","CHILDREN'S PARK NCore","04-019-1028","AQS","100","34","74.2","07/28/2018","07/28/2007"
"07/29/2021","80","Ozone","FAIRGROUNDS","04-019-1020","AQS","97","37","68.6","07/29/2011","07/29/2013"
"07/30/2021","74","Ozone","CHILDREN'S PARK NCore","04-019-1028","AQS","112","31","69.8","07/30/2000","07/30/2006"
"07/31/2021","87","Ozone","CHILDREN'S PARK NCore","04-019-1028","AQS","112","34","66.6","07/31/2018","07/31/2006"
"08/01/2021","84","Ozone","FAIRGROUNDS","04-019-1020","AQS","108","31","67.2","08/01/2018","08/01/2006"
"08/02/2021","97","Ozone","FAIRGROUNDS","04-019-1020","AQS","115","40","65","08/02/2018","08/02/2013"
"08/03/2021","87","Ozone","22ND & CRAYCROFT","04-019-1011","AQS","97","31","63.4","08/03/2018","08/03/2006"
"08/04/2021","97","Ozone","22ND & CRAYCROFT","04-019-1011","AQS","101","38","63.2","08/04/2000","08/04/2007"
"08/05/2021","84","Ozone","22ND & CRAYCROFT","04-019-1011","AQS","100","27","52.2","08/05/2009","08/05/2007"
"08/06/2021","54","Ozone","FAIRGROUNDS","04-019-1020","AQS","105","33","60.8","08/06/2000","08/06/2007"
"08/07/2021","49","Ozone","SAGUARO PARK","04-019-0021","AQS","112","38","60.6","08/07/2004","08/07/2009"
"08/08/2021","41","Ozone","22ND & CRAYCROFT","04-019-1011","AQS","105","39","55.2","08/08/2008","08/08/2010"
"08/09/2021","44","Ozone","22ND & CRAYCROFT","04-019-1011","AQS","126","41","50.2","08/09/2003","08/09/2009"
"08/10/2021","44","Ozone","22ND & CRAYCROFT","04-019-1011","AQS","119","38","56","08/10/2006","08/10/2005"
"08/11/2021","50","Ozone","SAGUARO PARK","04-019-0021","AQS","108","42","52.8","08/11/2004","08/11/2016"
"08/12/2021","43","Ozone","SAGUARO PARK","04-019-0021","AQS","119","38","53.4","08/12/2003","08/12/2016"
"08/13/2021","40","Ozone","SAGUARO PARK","04-019-0021","AQS","90","37","56","08/13/2000","08/13/2005"
"08/14/2021","44","Ozone","22ND & CRAYCROFT","04-019-1011","AQS","112","39","52.8","08/14/2000","08/14/2017"
"08/15/2021","45","Ozone","COACHLINE","04-019-1034","AQS","129","36","63.8","08/15/2000","08/15/2017"
"08/16/2021","48","Ozone","CHILDREN'S PARK NCore","04-019-1028","AQS","136","31","60.6","08/16/2000","08/16/2006"
"08/17/2021","45","Ozone","22ND & CRAYCROFT","04-019-1011","AQS","115","39","55.2","08/17/2003","08/17/2012"
"08/18/2021","31","Ozone","FAIRGROUNDS","04-019-1020","AQS","100","43","52.2","08/18/2000","08/18/2019"
"08/19/2021","35","Ozone","FAIRGROUNDS","04-019-1020","AQS","93","33","45.4","08/19/2001","08/19/2014"
"08/20/2021","42","Ozone","CHILDREN'S PARK NCore","04-019-1028","AQS","87","41","50","08/20/2012","08/20/2014"
"08/21/2021","41","Ozone","TANGERINE","04-019-1018","AQS","105","33","56.2","08/21/2000","08/21/2014"
"08/22/2021","44","Ozone","CHILDREN'S PARK NCore","04-019-1028","AQS","84","34","49.8","08/22/2003","08/22/2014"
"08/23/2021","49","Ozone","SAGUARO PARK","04-019-0021","AQS","101","32","44.6","08/23/2000","08/23/2004"
"08/24/2021","71","Ozone","FAIRGROUNDS","04-019-1020","AQS","100","29","56.6","08/24/2011","08/24/2014"
"08/25/2021","74","Ozone","22ND & CRAYCROFT","04-019-1011","AQS","119","34","52.2","08/25/2003","08/25/2014"
"08/26/2021","87","Ozone","22ND & CRAYCROFT","04-019-1011","AQS","112","33","47","08/26/2003","08/26/2008"
"08/27/2021","50","Ozone","CHILDREN'S PARK NCore","04-019-1028","AQS","74","32","49.8","08/27/2011","08/27/2004"
"08/28/2021","54","Ozone","CHILDREN'S PARK NCore","04-019-1028","AQS","100","39","56.2","08/28/2015","08/28/2013"
"08/29/2021","61","Ozone","CHILDREN'S PARK NCore","04-019-1028","AQS","93","28","67.6","08/29/2011","08/29/2013"
"08/30/2021","64","Ozone","22ND & CRAYCROFT","04-019-1011","AQS","101","34","51.4","08/30/2011","08/30/2013"
"08/31/2021","45","Ozone","CHILDREN'S PARK NCore","04-019-1028","AQS","87","38","52","08/31/2011","08/31/2013"
"09/01/2021","46","Ozone","SAGUARO PARK","04-019-0021","AQS","108","40","48.4","09/01/2011","09/01/2000"
"09/02/2021","49","Ozone","22ND & CRAYCROFT","04-019-1011","AQS","90","41","49.2","09/02/2011","09/02/2018"
"09/03/2021","51","Ozone","CHILDREN'S PARK NCore","04-019-1028","AQS","77","33","49.6","09/03/2019","09/03/2006"
"09/04/2021","77","Ozone","CHILDREN'S PARK NCore","04-019-1028","AQS","105","31","43.8","09/04/2003","09/04/2004"
"09/05/2021","54","Ozone","CHILDREN'S PARK NCore","04-019-1028","AQS","87","24","43.8","09/05/2002","09/05/2015"
"09/06/2021","54","Ozone","ROSE ELEMENTARY","04-019-1032","AQS","77","34","48.2","09/06/2005","09/06/2001"
"09/07/2021","61","Ozone","FAIRGROUNDS","04-019-1020","AQS","100","28","47.6","09/07/2011","09/07/2016"
"09/08/2021","51","Ozone","22ND & CRAYCROFT","04-019-1011","AQS","84","23","50.2","09/08/2007","09/08/2014"
"09/09/2021","58","PM2.5","ORANGE GROVE","04-019-0011","AQS","87","27","49","09/09/2004","09/09/2003"
"09/10/2021","51","Ozone","TANGERINE","04-019-1018","AQS","101","19","40.8","09/10/2004","09/10/2003"
"09/11/2021","49","Ozone","TANGERINE","04-019-1018","AQS","90","34","45.4","09/11/2004","09/11/2005"
"09/12/2021","64","Ozone","CHILDREN'S PARK NCore","04-019-1028","AQS","90","35","45.4","09/12/2004","09/12/2001"
"09/13/2021","74","Ozone","22ND & CRAYCROFT","04-019-1011","AQS","87","33","44.8","09/13/2002","09/13/2016"
"09/14/2021","54","PM2.5","GERONIMO","04-019-1113","AQS","97","31","44.6","09/14/2002","09/14/2009"
"09/15/2021","58","PM2.5","GERONIMO","04-019-1113","AQS","77","26","39.2","09/15/2003","09/15/2009"
"09/16/2021","67","Ozone","CHILDREN'S PARK NCore","04-019-1028","AQS","67","22","39.2","09/16/2012","09/16/2014"
"09/17/2021","61","Ozone","SAGUARO PARK","04-019-0021","AQS","54","26","39.6","09/17/2010","09/17/2014"
"09/18/2021","54","Ozone","SAGUARO PARK","04-019-0021","AQS","93","31","40.6","09/18/2006","09/18/2002"
"09/19/2021","43","Ozone","CHILDREN'S PARK NCore","04-019-1028","AQS","71","28","38","09/19/2008","09/19/2018"
"09/20/2021","39","Ozone","22ND & CRAYCROFT","04-019-1011","AQS","64","27","40.4","09/20/2003","09/20/2006"
"09/21/2021","44","Ozone","SAGUARO PARK","04-019-0021","AQS","67","22","37.4","09/21/2003","09/21/2015"
"09/22/2021","47","Ozone","TANGERINE","04-019-1018","AQS","90","26","36.8","09/22/2004","09/22/2015"
"09/23/2021","40","PM2.5","GERONIMO","04-019-1113","AQS","87","28","38.4","09/23/2004","09/23/2019"
"09/24/2021","48","Ozone","SAGUARO PARK","04-019-0021","AQS","61","27","42.2","09/24/2009","09/24/2003"
"09/25/2021","49","Ozone","22ND & CRAYCROFT","04-019-1011","AQS","67","27","42","09/25/2002","09/25/2019"
"09/26/2021","42","Ozone","SAGUARO PARK","04-019-0021","AQS","61","23","40.4","09/26/2000","09/26/2019"
"09/27/2021","32","Ozone","TANGERINE","04-019-1018","AQS","108","33","43.2","09/27/2003","09/27/2002"
"09/28/2021","33","Ozone","CHILDREN'S PARK NCore","04-019-1028","AQS","108","28","46.2","09/28/2003","09/28/2016"
"09/29/2021","37","Ozone","SAGUARO PARK","04-019-0021","AQS","101","33","43.4","09/29/2003","09/29/2002"
"09/30/2021","46","Ozone","TANGERINE","04-019-1018","AQS","105","31","41.8","09/30/2003","09/30/2002"
"10/01/2021","54","Ozone","22ND & CRAYCROFT","04-019-1011","AQS","58","25","38.6","10/01/2008","10/01/2018"
"10/02/2021","54","Ozone","CHILDREN'S PARK NCore","04-019-1028","AQS","64","22","35.6","10/02/2014","10/02/2018"
"10/03/2021","48","Ozone","CHILDREN'S PARK NCore","04-019-1028","AQS","77","28","39","10/03/2014","10/03/2018"
"10/04/2021","44","Ozone","TANGERINE","04-019-1018","AQS","71","26","44.2","10/04/2002","10/04/2011"
"10/05/2021","45","Ozone","TANGERINE","04-019-1018","AQS","64","30","47","10/05/2016","10/05/2007"
"10/06/2021","36","Ozone","22ND & CRAYCROFT","04-019-1011","AQS","71","33","44.6","10/06/2002","10/06/2006"
"10/07/2021","34","Ozone","TANGERINE","04-019-1018","AQS","74","26","49","10/07/2004","10/07/2003"
"10/08/2021","35","Ozone","TANGERINE","04-019-1018","AQS","71","25","42.4","10/08/2004","10/08/2014"
"10/09/2021","38","Ozone","SAGUARO PARK","04-019-0021","AQS","58","31","40.8","10/09/2009","10/09/2003"
"10/10/2021","51","Ozone","22ND & CRAYCROFT","04-019-1011","AQS","58","25","40.8","10/10/2010","10/10/2000"
"10/11/2021","49","Ozone","SAGUARO PARK","04-019-0021","AQS","64","28","39.4","10/11/2001","10/11/2000"
"10/12/2021","83","PM2.5","ORANGE GROVE","04-019-0011","AQS","74","27","44.6","10/12/2001","10/12/2018"
"10/13/2021","58","PM2.5","ORANGE GROVE","04-019-0011","AQS","58","21","36.2","10/13/2003","10/13/2018"
"10/14/2021","53","PM2.5","ORANGE GROVE","04-019-0011","AQS","60","34","39.8","10/14/2002","10/14/2019"
"10/15/2021","49","PM2.5","ORANGE GROVE","04-019-0011","AQS","56","31","38.6","10/15/2007","10/15/2015"
"10/16/2021","46","PM2.5","GERONIMO","04-019-1113","AQS","105","32","39.2","10/16/2001","10/16/2018"
"10/17/2021","48","Ozone","COACHLINE","04-019-1034","AQS","54","31","37.2","10/17/2003","10/17/2015"
"10/18/2021","48","PM2.5","ROSE ELEMENTARY","04-019-1032","AQS","58","31","39.6","10/18/2013","10/18/2005"
"10/19/2021","45","PM2.5","ORANGE GROVE","04-019-0011","AQS","67","29","40.4","10/19/2001","10/19/2010"
"10/20/2021","47","PM2.5","ORANGE GROVE","04-019-0011","AQS","58","29","38","10/20/2001","10/20/2018"
"10/21/2021","46","PM2.5","ORANGE GROVE","04-019-0011","AQS","64","28","44","10/21/2016","10/21/2018"
"10/22/2021","47","PM2.5","ORANGE GROVE","04-019-0011","AQS","64","33","42","10/22/2005","10/22/2000"
"10/23/2021","40","PM2.5","ORANGE GROVE","04-019-0011","AQS","67","30","40.2","10/23/2005","10/23/2018"
"10/24/2021","42","PM2.5","GERONIMO","04-019-1113","AQS","77","30","42","10/24/2003","10/24/2006"
"10/25/2021","40","PM2.5","GERONIMO","04-019-1113","AQS","67","28","41.2","10/25/2003","10/25/2004"
"10/26/2021","41","Ozone","FAIRGROUNDS","04-019-1020","AQS","54","25","43.2","10/26/2008","10/26/2004"
"10/27/2021","41","Ozone","FAIRGROUNDS","04-019-1020","AQS","49","31","43.4","10/27/2017","10/27/2000"
"10/28/2021","47","PM2.5","ORANGE GROVE","04-019-0011","AQS","49","34","40.6","10/28/2011","10/28/2004"
"10/29/2021","47","PM2.5","GERONIMO","04-019-1113","AQS","54","27","41.2","10/29/2002","10/29/2013"
"10/30/2021","51","PM2.5","ORANGE GROVE","04-019-0011","AQS","73","31","39","10/30/2003","10/30/2010"
"10/31/2021","47","PM2.5","ORANGE GROVE","04-019-0011","AQS","52","30","38","10/31/2003","10/31/2016"
"11/01/2021","40","Ozone","SAGUARO PARK","04-019-0021","AQS","46","30","40.8","11/01/2005","11/01/2001"
"11/02/2021","37","PM2.5","ORANGE GROVE","04-019-0011","AQS","47","32","40","11/02/2010","11/02/2001"
"11/03/2021","43","Ozone","COACHLINE","04-019-1034","AQS","48","29","39","11/03/2014","11/03/2013"
"11/04/2021","44","Ozone","SAGUARO PARK","04-019-0021","AQS","48","31","38.2","11/04/2011","11/04/2000"
"11/05/2021","47","Ozone","SAGUARO PARK","04-019-0021","AQS","47","31","38.4","11/05/2006","11/05/2001"
"11/06/2021","52","PM2.5","ORANGE GROVE","04-019-0011","AQS","46","31","38.2","11/06/2010","11/06/2017"
"11/07/2021","44","PM2.5","GERONIMO","04-019-1113","AQS","48","28","39.4","11/07/2002","11/07/2017"
"11/08/2021","48","PM2.5","GERONIMO","04-019-1113","AQS","53","31","39.6","11/08/2012","11/08/2019"
"11/09/2021","43","PM2.5","ORANGE GROVE","04-019-0011","AQS","69","31","39.4","11/09/2001","11/09/2002"
"11/10/2021","45","PM2.5","GERONIMO","04-019-1113","AQS","46","33","39.8","11/10/2006","11/10/2007"
"11/11/2021","48","PM2.5","GERONIMO","04-019-1113","AQS","53","35","42.6","11/11/2007","11/11/2000"
"11/12/2021","55","PM2.5","ORANGE GROVE","04-019-0011","AQS","152","31","39.2","11/12/2005","11/12/2019"
"11/13/2021","52","PM2.5","GERONIMO","04-019-1113","AQS","46","31","41.6","11/13/2006","11/13/2007"
"11/14/2021","53","PM2.5","GERONIMO","04-019-1113","AQS","50","31","41.8","11/14/2003","11/14/2004"
"11/15/2021","53","PM2.5","GERONIMO","04-019-1113","AQS","53","25","39.6","11/15/2003","11/15/2004"
"11/16/2021","47","PM2.5","ORANGE GROVE","04-019-0011","AQS","44","33","39.8","11/16/2019","11/16/2004"
"11/17/2021","52","PM2.5","GERONIMO","04-019-1113","AQS","48","33","41.4","11/17/2016","11/17/2000"
"11/18/2021","54","PM2.5","ORANGE GROVE","04-019-0011","AQS","50","34","39.2","11/18/2005","11/18/2012"
"11/19/2021","56","PM2.5","ORANGE GROVE","04-019-0011","AQS","56","33","40.8","11/19/2002","11/19/2012"
"11/20/2021","51","PM2.5","ORANGE GROVE","04-019-0011","AQS","48","32","37.6","11/20/2007","11/20/2019"
"11/21/2021","57","PM2.5","ORANGE GROVE","04-019-0011","AQS","75","31","46","11/21/2018","11/21/2013"
"11/22/2021","51","PM2.5","ORANGE GROVE","04-019-0011","AQS","61","35","46.8","11/22/2018","11/22/2011"
"11/23/2021","50","PM2.5","ORANGE GROVE","04-019-0011","AQS","49","36","43","11/23/2018","11/23/2004"
"11/24/2021","55","PM2.5","GERONIMO","04-019-1113","AQS","53","31","41.2","11/24/2003","11/24/2013"
"11/25/2021","36","Ozone","TANGERINE","04-019-1018","AQS","58","31","38.2","11/25/2004","11/25/2013"
"11/26/2021","38","PM2.5","ORANGE GROVE","04-019-0011","AQS","52","33","39.8","11/26/2004","11/26/2002"
"11/27/2021","43","PM2.5","ORANGE GROVE","04-019-0011","AQS","45","32","40.2","11/27/2003","11/27/2008"
"11/28/2021","49","PM2.5","GERONIMO","04-019-1113","AQS","59","31","44.4","11/28/2017","11/28/2001"
"11/29/2021","43","PM2.5","GERONIMO","04-019-1113","AQS","54","30","42","11/29/2005","11/29/2004"
"11/30/2021","49","PM2.5","GERONIMO","04-019-1113","AQS","50","27","39.2","11/30/2005","11/30/2007"
"12/01/2021","55","PM2.5","GERONIMO","04-019-1113","AQS","66","31","43.8","12/01/2013","12/01/2000"
"12/02/2021","44","PM2.5","GERONIMO","04-019-1113","AQS","67","35","44.8","12/02/2017","12/02/2008"
"12/03/2021","48","PM2.5","GERONIMO","04-019-1113","AQS","65","29","42.4","12/03/2017","12/03/2014"
"12/04/2021","53","PM2.5","GERONIMO","04-019-1113","AQS","67","27","41.6","12/04/2002","12/04/2001"
"12/05/2021","52","PM2.5","GERONIMO","04-019-1113","AQS","48","32","39.8","12/05/2017","12/05/2019"
"12/06/2021","51","PM2.5","GERONIMO","04-019-1113","AQS","57","31","38.6","12/06/2001","12/06/2010"
"12/07/2021","45","PM2.5","GERONIMO","04-019-1113","AQS","63","31","37.6","12/07/2001","12/07/2008"
"12/08/2021","48","PM2.5","GERONIMO","04-019-1113","AQS","55","35","45.4","12/08/2017","12/08/2014"
"12/09/2021","40","Ozone","FAIRGROUNDS","04-019-1020","AQS","53","30","40.8","12/09/2018","12/09/2004"
"12/10/2021","38","Ozone","22ND & CRAYCROFT","04-019-1011","AQS","54","27","36.6","12/10/2004","12/10/2000"
"12/11/2021","53","PM2.5","GERONIMO","04-019-1113","AQS","54","31","34.8","12/11/2005","12/11/2018"
"12/12/2021","57","PM2.5","GERONIMO","04-019-1113","AQS","52","27","34.8","12/12/2012","12/12/2007"
"12/13/2021","42","PM2.5","GERONIMO","04-019-1113","AQS","63","32","37.4","12/13/2003","12/13/2005"
"12/14/2021","33","Ozone","FAIRGROUNDS","04-019-1020","AQS","64","32","38.8","12/14/2001","12/14/2009"
"12/15/2021","38","Ozone","FAIRGROUNDS","04-019-1020","AQS","60","32","44.8","12/15/2017","12/15/2000"
"12/16/2021","49","PM2.5","GERONIMO","04-019-1113","AQS","67","29","37.6","12/16/2001","12/16/2016"
"12/17/2021","55","PM2.5","GERONIMO","04-019-1113","AQS","66","33","44.4","12/17/2001","12/17/2010"
"12/18/2021","54","PM2.5","GERONIMO","04-019-1113","AQS","68","34","43.8","12/18/2001","12/18/2014"
"12/19/2021","58","PM2.5","GERONIMO","04-019-1113","AQS","55","29","40.4","12/19/2002","12/19/2010"
"12/20/2021","43","PM2.5","GERONIMO","04-019-1113","AQS","62","33","42.8","12/20/2008","12/20/2010"
"12/21/2021","50","PM2.5","GERONIMO","04-019-1113","AQS","60","31","41.4","12/21/2011","12/21/2000"
"12/22/2021","50","PM2.5","GERONIMO","04-019-1113","AQS","70","28","38.2","12/22/2001","12/22/2016"
"12/23/2021","37","Ozone","SAGUARO PARK","04-019-0021","AQS","65","31","39.6","12/23/2017","12/23/2011"
"12/24/2021","48","PM2.5","GERONIMO","04-019-1113","AQS","65","31","45.8","12/24/2017","12/24/2019"
"12/25/2021","57","PM2.5","GERONIMO","04-019-1113","AQS","71","31","45","12/25/2002","12/25/2008"
"12/26/2021","40","Ozone","SAGUARO PARK","04-019-0021","AQS","67","34","45.4","12/26/2017","12/26/2000"
"12/27/2021","40","PM2.5","GERONIMO","04-019-1113","AQS","53","31","39.6","12/27/2001","12/27/2008"
"12/28/2021","39","Ozone","SAGUARO PARK","04-019-0021","AQS","59","32","39.6","12/28/2010","12/28/2000"
"12/29/2021","37","Ozone","FAIRGROUNDS","04-019-1020","AQS","54","26","40.8","12/29/2018","12/29/2004"
"12/30/2021","38","PM2.5","GERONIMO","04-019-1113","AQS","60","29","40","12/30/2006","12/30/2016"
"12/31/2021","35","PM2.5","GERONIMO","04-019-1113","AQS","74","31","52.8","12/31/2017","12/31/2016"
